{
  "n_samples": 200,
  "n_bootstrap": 10000,
  "bootstrap_ci": {
    "baseline": {
      "rouge1": {
        "mean": 0.32808443158281797,
        "ci_lo": 0.3159827852196422,
        "ci_hi": 0.33978541062363615
      },
      "rouge2": {
        "mean": 0.11582948169432877,
        "ci_lo": 0.10658797241779282,
        "ci_hi": 0.1251708618331238
      },
      "rougeL": {
        "mean": 0.2132099894423978,
        "ci_lo": 0.20361990942625335,
        "ci_hi": 0.2227524319922088
      },
      "alignscore": {
        "mean": 0.7965441934764386,
        "ci_lo": 0.773598125167191,
        "ci_hi": 0.818026720199734
      }
    },
    "dpo_holistic": {
      "rouge1": {
        "mean": 0.32554843389438376,
        "ci_lo": 0.3134888188676207,
        "ci_hi": 0.33739851506330665
      },
      "rouge2": {
        "mean": 0.11435555226513533,
        "ci_lo": 0.10486879770130512,
        "ci_hi": 0.12398465905432149
      },
      "rougeL": {
        "mean": 0.21109234677412214,
        "ci_lo": 0.2011948413687638,
        "ci_hi": 0.2208520076458945
      },
      "alignscore": {
        "mean": 0.8016911976039409,
        "ci_lo": 0.7805027540996671,
        "ci_hi": 0.8217948339805007
      }
    },
    "dpo_gca": {
      "rouge1": {
        "mean": 0.32551796135389865,
        "ci_lo": 0.31333303419031544,
        "ci_hi": 0.337461318833504
      },
      "rouge2": {
        "mean": 0.11422314728528182,
        "ci_lo": 0.10471113993182062,
        "ci_hi": 0.12379607428426491
      },
      "rougeL": {
        "mean": 0.21079434817937107,
        "ci_lo": 0.20116653490438427,
        "ci_hi": 0.2204728774085598
      },
      "alignscore": {
        "mean": 0.7995588412880897,
        "ci_lo": 0.7775031786635518,
        "ci_hi": 0.8206783343479037
      }
    }
  },
  "wilcoxon": {
    "dpo_holistic": {
      "rouge1": {
        "statistic": 1321.0,
        "p_value": 0.2742722711092006
      },
      "rouge2": {
        "statistic": 1139.0,
        "p_value": 0.24493691692314168
      },
      "rougeL": {
        "statistic": 1309.0,
        "p_value": 0.1853709567181242
      },
      "alignscore": {
        "statistic": 2001.0,
        "p_value": 0.5910202226872533
      }
    },
    "dpo_gca": {
      "rouge1": {
        "statistic": 984.0,
        "p_value": 0.0920705607366885
      },
      "rouge2": {
        "statistic": 890.0,
        "p_value": 0.08376648840506881
      },
      "rougeL": {
        "statistic": 853.0,
        "p_value": 0.014883962737123745
      },
      "alignscore": {
        "statistic": 1684.0,
        "p_value": 0.6523946090905782
      }
    }
  }
}