{
  "run_id": "20260520_154913_8dc3f7",
  "n_test": 50,
  "model_path": "models/Mistral-7B-Instruct-v0.3",
  "conditions": {
    "baseline": {
      "rouge1": 0.33990529767368527,
      "rouge2": 0.12727312471131846,
      "rougeL": 0.21771354718643715,
      "bertscore_p": 0.8376002311706543,
      "bertscore_r": 0.8579539656639099,
      "bertscore_f1": 0.8475961089134216,
      "alignscore": 0.8239688104391099
    },
    "dpo_holistic": {
      "rouge1": 0.3408458103293088,
      "rouge2": 0.12711110398263878,
      "rougeL": 0.21609907877656986,
      "bertscore_p": 0.8379137516021729,
      "bertscore_r": 0.8579148054122925,
      "bertscore_f1": 0.8477355241775513,
      "alignscore": 0.8324100798368455
    },
    "dpo_gca": {
      "rouge1": 0.34395123846456505,
      "rouge2": 0.12971595013710163,
      "rougeL": 0.2189028548590942,
      "bertscore_p": 0.8382219672203064,
      "bertscore_r": 0.8589029908180237,
      "bertscore_f1": 0.8483690619468689,
      "alignscore": 0.8218546849489212
    }
  }
}